credit_card_num,credit_card_exp,credit_card_cvv,order_ID,buyer_email,buyer_cellphone,order_date
4111 1111 1111 1111,23-Mar,123,1,john.doe@gmail.com,123456789,2022-01-01
5678 1234 5678 1234,23-Apr,456,2,jane.doe@hotmail.com,123456788,31-12-2021
6759 8345 6759 8345,23-May,789,3,billybob@yahoo.com,123456787,30-12-2021
4567 8901 4567 8901,23-Jun,12,4,sarahjane@aol.com,123456786,29-11-2021
1234 5678 1234 5678,23-Jul,345,5,tom.smith@outlook.com,123456785,28-10-2021
6789 0123 6789 0123,23-Aug,678,6,jennifer.lee@msn.com,123456784,27-09-2021
9876 5432 9876 5432,23-Sep,901,7,paul.brown@icloud.com,123456783,26-08-2021
2345 6789 2345 6789,23-Oct,234,8,kimberly.taylor@live.com,123456782,25-07-2021
3456 7891 3456 7891,23-Nov,567,9,michael.johnson@mac.com,123456781,24-06-2021
4567 8901 4567 8901,23-Dec,890,10,jessica.davis@me.com,123456780,23-05-2021
5678 9012 5678 9012,24-Jan,123,11,chris.taylor@fastmail.com,123456779,22-04-2021
6789 0123 6789 0123,24-Feb,456,12,david.lee@zoho.com,123456778,21-03-2021
7890 1234 7890 1234,24-Mar,789,13,andrew.ng@gmx.com,123456777,20-02-2021
8901 2345 8901 2345,24-Apr,12,14,margaret.king@inbox.com,123456776,19-01-2021
9012 3456 9012 3456,24-May,345,15,james.lee@yandex.com,123456775,18-12-2020
0123 4567 0123 4567,24-Jun,678,16,karen.brown@protonmail.com,123456774,17-11-2020
1234 5678 1234 5678,24-Jul,901,17,kevin.miller@mail.com,123456773,16-10-2020
2345 6789 2345 6789,24-Aug,234,18,lisa.martin@posteo.net,123456772,15-09-2020
3456 7891 3456 7891,24-Sep,567,19,mary.jones@runbox.com,123456771,14-08-2020
4567 8901 4567 8901,24-Oct,890,20,nathan.taylor@tutanota.com,123456770,13-07-2020
5678 9012 5678 9012,24-Nov,123,21,olivia.lee@hushmail.com,123456769,2020-12-06
6789 0123 6789 0123,24-Dec,456,22,parker.brown@myfairpoint.net,123456768,2020-11-05
7890 1234 7890 1234,25-Jan,789,23,quincy.jones@verizon.net,123456767,2020-10-04
8901 2345 8901 2345,25-Feb,12,24,ryan.davis@frontier.com,123456766,2020-09-03
9012 3456 9012 3456,25-Feb,345,25,samantha.taylor@optimum.net,123456765,2020-08-02
